<?xml version="1.0" encoding="UTF-8"?>
<project-private xmlns="http://www.netbeans.org/ns/project-private/1">
    <editor-bookmarks xmlns="http://www.netbeans.org/ns/editor-bookmarks/2" lastBookmarkId="0"/>
    <open-files xmlns="http://www.netbeans.org/ns/projectui-open-files/2">
        <group>
            <file>file:/C:/Users/ALUMNO2425/Documents/z/ExamenT2_Hilos_CGC/Barberia/src/barberia/GestorSillas.java</file>
            <file>file:/C:/Users/ALUMNO2425/Documents/z/ExamenT2_Hilos_CGC/Barberia/src/barberia/Barberia.java</file>
            <file>file:/C:/Users/ALUMNO2425/Documents/z/ExamenT2_Hilos_CGC/Barberia/src/barberia/Barbero.java</file>
            <file>file:/C:/Users/ALUMNO2425/Documents/z/ExamenT2_Hilos_CGC/Barberia/src/barberia/Cliente.java</file>
        </group>
    </open-files>
</project-private>
